StoreName;StoreCountry;EstablishedDate;ProductName;Quantity;SellPrice;BuyingPrice
MegaMart;France;2011-05-29;Smartphone;252;1318.97;757.12
HomeHub;Belgium;1993-01-15;Smartphone;163;1143.21;670.88
MegaMart;Netherlands;1993-03-14;TV;266;1336.67;846.42
HomeHub;Poland;1984-12-27;Laptop;472;264.29;212.9
GamePoint;Spain;2014-08-20;Coffee Maker;283;533.5;370.47
FoodiesMarket;Italy;1998-12-26;Smartphone;126;671.56;538.47
GamePoint;Germany;1994-05-12;Tablet;379;743.07;618.37
HomeHub;Belgium;1991-06-20;TV;189;440.73;346.99
GamePoint;Italy;1991-04-05;Shoes;437;1523.02;970.8
FoodiesMarket;Germany;1998-03-21;Laptop;270;1038.07;662.81
HomeHub;Belgium;2002-10-17;TV;69;1248.89;912.53
FoodiesMarket;Germany;1986-04-18;Refrigerator;256;419.89;327.0
GadgetZone;Italy;2023-02-15;Shoes;353;506.62;302.76
FoodiesMarket;France;1990-05-11;TV;163;266.9;190.14
StyleCorner;France;2018-12-03;TV;67;685.42;438.37
MegaMart;Italy;2008-05-02;Coffee Maker;31;1434.21;885.04
GadgetZone;Portugal;1995-05-22;Coffee Maker;436;653.37;441.32
FoodiesMarket;Spain;1986-04-12;Refrigerator;245;251.81;200.99
HomeHub;Spain;2006-12-11;Coffee Maker;417;1444.18;967.44
FoodiesMarket;Italy;2010-07-05;TV;379;1474.58;832.46
MegaMart;France;2009-01-16;Sofa;384;630.71;515.43
FoodiesMarket;Italy;2018-07-17;Coffee Maker;404;404.12;264.09
StyleCorner;Spain;1976-10-30;Headphones;326;284.88;169.73
StyleCorner;Spain;2014-04-05;TV;104;166.65;101.35
StyleCorner;Spain;2014-03-19;Tablet;417;242.77;160.71
StyleCorner;Portugal;1980-02-17;T-shirt;188;15.76;10.32
GreenLife;Germany;2009-10-09;TV;335;796.97;648.57
GreenLife;France;2016-09-19;Laptop;152;717.34;460.98
MegaMart;Belgium;1980-09-29;TV;257;416.41;292.6
GamePoint;Germany;1985-01-24;Headphones;236;20.24;11.79
GadgetZone;Italy;1982-10-09;Coffee Maker;145;293.09;213.09
HomeHub;Belgium;2015-03-22;Headphones;474;1379.12;809.28
HomeHub;Italy;2013-03-25;Shoes;19;520.46;445.13
GreenLife;Belgium;1979-12-13;Headphones;348;645.06;365.16
GamePoint;Poland;1999-12-18;TV;197;619.58;429.07
TechWorld;Belgium;2009-11-23;Smartphone;280;687.24;425.18
StyleCorner;Spain;2003-01-18;Shoes;191;342.79;226.61
GreenLife;Poland;2002-12-14;Headphones;242;1448.52;942.04
FoodiesMarket;Germany;1983-03-02;T-shirt;76;1042.28;813.35
HomeHub;Germany;1994-05-03;T-shirt;463;56.08;46.54
StyleCorner;Portugal;2004-06-17;Smartphone;173;483.3;389.05
FoodiesMarket;Italy;2000-12-15;TV;397;321.84;245.17
TechWorld;Poland;2010-11-30;Headphones;218;308.77;192.38
TechWorld;Belgium;1984-10-17;Tablet;405;415.0;361.36
StyleCorner;Poland;1994-02-28;Laptop;23;1276.82;805.31
TechWorld;Belgium;1983-07-09;TV;336;165.2;101.56
StyleCorner;Portugal;2015-12-06;Smartphone;3;271.13;168.15
StyleCorner;Spain;2022-11-28;T-shirt;6;634.05;466.13
StyleCorner;Portugal;1989-01-09;T-shirt;477;1677.24;956.59
GamePoint;Netherlands;1998-05-18;Sofa;301;497.49;441.93
TechWorld;Spain;2006-06-04;T-shirt;197;366.86;252.85
TechWorld;Portugal;1982-04-19;T-shirt;298;495.91;288.08
HomeHub;Poland;2014-08-05;Coffee Maker;276;1219.38;699.6
GreenLife;Netherlands;2015-07-19;Coffee Maker;59;985.3;679.45
TechWorld;Spain;1984-07-05;Laptop;498;1030.21;757.34
GadgetZone;Belgium;2011-01-03;Tablet;458;1300.2;817.23
TechWorld;Germany;2004-03-13;Headphones;155;1322.69;930.36
GadgetZone;Germany;2001-05-24;Tablet;336;367.53;205.67
TechWorld;Poland;1980-11-30;Shoes;90;810.71;549.99
GadgetZone;Spain;2013-04-11;Sofa;57;121.49;98.38
FoodiesMarket;Germany;2018-11-20;Shoes;95;1392.41;911.74
FoodiesMarket;France;1999-09-07;Tablet;485;1361.33;846.22
GreenLife;Portugal;1975-12-28;Laptop;288;978.13;687.51
GadgetZone;Germany;1983-04-17;TV;171;919.68;656.91
GamePoint;Poland;1981-06-22;Laptop;432;1335.53;785.65
FoodiesMarket;France;2002-10-27;T-shirt;384;1461.18;832.55
FoodiesMarket;Germany;1999-04-12;T-shirt;26;477.85;328.41
FoodiesMarket;Poland;2006-07-21;T-shirt;141;1101.26;710.27
StyleCorner;Spain;1978-08-21;Headphones;268;721.82;438.23
MegaMart;Belgium;1975-11-12;Headphones;13;1088.56;851.89
GreenLife;Netherlands;1983-06-02;Coffee Maker;310;1103.59;843.03
MegaMart;Spain;1976-06-01;Sofa;300;196.01;122.33
TechWorld;France;2001-04-02;TV;189;478.51;355.27
TechWorld;France;2018-12-14;TV;408;250.25;162.16
HomeHub;Spain;2020-08-19;Shoes;336;1188.35;753.74
GadgetZone;Netherlands;2013-10-25;Tablet;376;298.29;268.61
FoodiesMarket;Portugal;1994-11-20;Refrigerator;383;201.67;131.47
GadgetZone;Spain;2010-01-26;Sofa;331;240.68;171.25
GreenLife;France;2015-09-15;Sofa;254;1456.05;825.33
GreenLife;Belgium;1989-10-03;TV;379;846.12;718.64
GadgetZone;Spain;2013-07-11;Shoes;237;649.1;478.33
FoodiesMarket;France;2013-06-16;Refrigerator;364;504.62;367.67
GreenLife;Germany;1984-01-23;Smartphone;304;1221.58;958.27
MegaMart;Portugal;2019-12-19;Tablet;124;731.14;428.38
TechWorld;Portugal;1983-04-16;Headphones;277;778.88;496.03
HomeHub;Netherlands;2019-03-31;Tablet;414;1217.31;758.64
TechWorld;Poland;2002-10-05;Headphones;475;976.1;638.13
GamePoint;Italy;1990-04-23;Refrigerator;412;1255.4;739.34
MegaMart;Portugal;1998-05-05;Headphones;211;264.93;228.5
StyleCorner;Belgium;2008-05-29;Headphones;478;1590.23;956.09
TechWorld;Germany;1983-02-21;TV;278;383.36;259.22
GadgetZone;Portugal;2017-07-17;Laptop;423;659.08;592.29
MegaMart;Poland;1997-11-09;Smartphone;453;461.71;270.34
TechWorld;Italy;2001-10-28;Headphones;70;400.22;227.68
GamePoint;Belgium;2003-07-22;Smartphone;47;46.73;28.16
GreenLife;Netherlands;2020-10-01;T-shirt;390;1436.05;835.94
MegaMart;Germany;2006-08-16;Sofa;477;1436.17;879.89
TechWorld;Netherlands;2023-01-28;Shoes;240;1586.05;992.42
GamePoint;Portugal;2015-10-10;Sofa;205;1068.83;785.32
HomeHub;Poland;2012-05-07;Smartphone;372;395.88;245.6
HomeHub;Belgium;2004-09-11;Laptop;186;975.73;599.73
StyleCorner;France;2014-12-24;Tablet;378;1164.45;907.53
GreenLife;Belgium;2000-10-22;TV;469;649.6;468.1
GamePoint;Germany;2009-11-24;Smartphone;428;138.47;109.3
StyleCorner;Germany;1976-04-30;Tablet;121;944.78;650.2
MegaMart;Poland;1990-01-17;Sofa;250;158.51;133.13
GadgetZone;France;1997-05-18;Headphones;478;769.87;496.11
GadgetZone;Germany;2016-05-16;T-shirt;180;1466.18;824.65
TechWorld;Poland;2001-07-21;Tablet;314;214.32;143.63
FoodiesMarket;France;2019-01-15;Headphones;110;14.82;10.34
StyleCorner;Belgium;1998-06-12;T-shirt;364;148.52;88.15
GamePoint;Italy;2004-02-04;Sofa;368;963.53;748.16
GreenLife;Belgium;1985-11-22;Smartphone;418;827.61;659.86
GamePoint;Poland;2009-11-15;Headphones;119;333.26;208.07
StyleCorner;Netherlands;2019-10-02;Tablet;384;698.42;560.88
GreenLife;Portugal;1996-10-27;TV;205;1344.86;830.77
MegaMart;Spain;2009-06-07;TV;275;1544.32;905.22
HomeHub;Poland;1987-10-18;Laptop;279;246.45;216.45
GamePoint;Spain;2021-03-14;Coffee Maker;274;475.4;303.56
FoodiesMarket;Poland;1976-08-05;Headphones;166;1113.15;980.58
GadgetZone;France;2007-05-26;TV;44;7.39;6.18
StyleCorner;Belgium;1979-03-27;Smartphone;316;928.63;688.41
GreenLife;Italy;1987-01-17;Sofa;440;1411.62;904.71
FoodiesMarket;France;2022-08-05;Tablet;269;1527.4;898.01
FoodiesMarket;France;2018-09-21;Sofa;92;705.45;465.92
HomeHub;Poland;1992-12-26;Tablet;308;1522.75;915.01
GreenLife;Belgium;1976-11-20;Headphones;77;999.83;887.2
GreenLife;Italy;2015-09-09;Shoes;359;367.49;233.67
StyleCorner;France;1992-06-20;Shoes;124;867.84;569.61
MegaMart;Spain;2000-04-13;TV;84;1122.49;737.49
FoodiesMarket;Germany;1980-10-09;Sofa;345;1419.96;881.94
GadgetZone;Portugal;1982-07-10;Shoes;434;263.51;169.53
HomeHub;France;2023-02-14;Tablet;492;647.19;369.58
FoodiesMarket;Portugal;2000-12-27;Refrigerator;425;1199.84;836.05
GreenLife;Germany;1982-12-31;Headphones;295;978.01;755.32
TechWorld;Poland;1999-08-25;Shoes;80;114.15;75.54
FoodiesMarket;Belgium;1986-06-26;Headphones;435;640.61;359.88
StyleCorner;Belgium;1979-04-18;T-shirt;458;436.18;393.33
HomeHub;Belgium;2022-11-26;Headphones;425;1198.0;695.52
GadgetZone;Netherlands;1989-10-20;TV;67;1066.72;753.02
StyleCorner;Netherlands;1997-10-16;Coffee Maker;12;1414.63;880.78
HomeHub;France;2006-10-04;Coffee Maker;150;205.64;167.71
FoodiesMarket;Portugal;2000-05-26;Sofa;186;371.64;306.02
StyleCorner;Spain;2009-11-03;Tablet;374;1106.41;990.99
MegaMart;Italy;2015-06-02;TV;97;791.6;634.37
StyleCorner;Poland;2011-12-17;T-shirt;459;1086.2;965.98
HomeHub;France;1981-04-24;Sofa;61;223.88;138.52
GamePoint;Portugal;2006-10-21;TV;247;385.12;297.35
MegaMart;Germany;2004-11-02;Smartphone;140;968.74;755.88
TechWorld;Portugal;2007-11-16;Refrigerator;462;414.42;263.69
GamePoint;Spain;2022-02-13;Headphones;454;1005.57;625.86
StyleCorner;Portugal;1980-01-09;Laptop;466;461.83;333.13
TechWorld;France;1990-03-08;Laptop;421;572.7;407.78
HomeHub;Italy;1989-03-03;Refrigerator;16;431.86;255.89
GreenLife;France;2000-02-01;Headphones;178;416.01;312.9
StyleCorner;Spain;1999-07-23;Smartphone;81;763.07;427.92
StyleCorner;Portugal;1979-05-16;Headphones;190;229.04;128.14
HomeHub;Germany;2002-10-26;TV;210;842.73;603.18
TechWorld;Portugal;1984-11-04;Sofa;293;1186.39;872.12
GadgetZone;Belgium;2014-07-05;Refrigerator;492;562.87;336.56
StyleCorner;Italy;1976-12-24;Laptop;383;886.56;524.2
TechWorld;Poland;1984-02-11;TV;241;943.24;586.31
GreenLife;Netherlands;2003-02-04;Refrigerator;257;1582.44;952.01
MegaMart;Belgium;2000-02-04;Headphones;43;593.47;339.78
GadgetZone;Italy;2001-11-21;Smartphone;255;1019.88;842.21
GreenLife;Germany;1976-04-14;Refrigerator;252;282.13;175.9
GadgetZone;Italy;1990-02-04;Refrigerator;265;522.2;439.52
GreenLife;Germany;1993-12-09;TV;476;1577.76;978.61
GadgetZone;Poland;1986-07-26;T-shirt;265;405.93;341.2
TechWorld;Poland;2001-11-17;Headphones;103;956.19;719.8
TechWorld;Netherlands;1980-03-31;Smartphone;61;1294.55;902.47
MegaMart;Spain;2001-04-06;TV;141;1739.59;997.16
StyleCorner;Spain;2003-09-17;Smartphone;444;331.52;247.43
MegaMart;Poland;1980-10-29;Refrigerator;145;258.48;207.11
TechWorld;Netherlands;2014-10-27;Refrigerator;75;148.84;123.16
StyleCorner;Belgium;1983-02-14;Sofa;174;1231.81;730.42
FoodiesMarket;Poland;2014-06-26;Laptop;148;613.53;428.69
TechWorld;Belgium;2017-01-11;Laptop;462;548.53;341.51
FoodiesMarket;Spain;2016-05-12;Refrigerator;28;1119.23;729.04
MegaMart;France;2007-02-07;Coffee Maker;82;375.81;319.51
FoodiesMarket;Germany;2003-05-19;Smartphone;224;938.86;821.71
StyleCorner;Portugal;1999-01-29;Sofa;155;960.91;629.9
MegaMart;Belgium;2016-12-18;Headphones;494;26.19;22.19
TechWorld;France;1983-08-25;Refrigerator;20;264.45;210.01
MegaMart;France;2009-07-28;Laptop;140;1147.19;666.03
GreenLife;France;2023-01-15;Shoes;211;750.72;617.1
HomeHub;Netherlands;1977-05-13;TV;200;891.46;521.75
HomeHub;Netherlands;2017-05-20;Sofa;411;1036.5;621.98
HomeHub;Italy;1980-02-03;Refrigerator;117;917.81;710.45
GadgetZone;France;2001-10-14;Shoes;273;103.4;87.96
GadgetZone;Netherlands;2017-10-11;Smartphone;180;694.92;479.75
FoodiesMarket;Spain;2004-01-06;Smartphone;469;973.5;667.76
FoodiesMarket;Portugal;1982-01-26;Tablet;482;1245.7;990.04
GreenLife;Poland;1990-12-27;Shoes;345;765.26;475.4
GamePoint;Spain;1997-04-25;Sofa;109;389.96;351.78
HomeHub;Germany;1976-09-23;TV;25;49.78;42.54
StyleCorner;Italy;1994-04-08;Sofa;455;585.94;357.82
TechWorld;Belgium;2012-09-10;Tablet;107;635.08;538.91
GamePoint;Germany;1979-07-21;Tablet;407;1456.11;993.4
TechWorld;Italy;1988-09-05;Headphones;102;946.37;754.57
MegaMart;Belgium;2005-02-17;Tablet;486;1265.22;946.5
HomeHub;Belgium;2011-12-14;Laptop;280;614.45;463.5
FoodiesMarket;Portugal;2021-08-13;Headphones;289;740.92;635.17
GreenLife;Poland;2018-08-06;Headphones;431;751.67;534.62
FoodiesMarket;Poland;2002-07-19;Headphones;155;237.06;157.31
TechWorld;Spain;2021-01-23;Shoes;86;894.05;688.23
GadgetZone;Italy;1998-11-26;Laptop;346;785.28;583.23
TechWorld;Belgium;1977-10-11;TV;407;721.9;606.37
TechWorld;Netherlands;1992-06-21;Coffee Maker;166;1169.96;720.47
GreenLife;Spain;1989-05-05;Refrigerator;154;67.05;37.58
FoodiesMarket;Italy;2011-07-05;Coffee Maker;218;744.56;453.21
HomeHub;Poland;2010-04-27;Sofa;466;559.15;494.88
FoodiesMarket;Spain;1996-06-24;Refrigerator;198;174.93;103.66
HomeHub;Portugal;2004-08-28;Shoes;74;692.15;439.83
MegaMart;Portugal;2016-04-14;Refrigerator;476;992.52;896.85
MegaMart;Portugal;1980-07-10;T-shirt;200;317.24;224.03
TechWorld;France;1995-11-12;Tablet;390;1583.97;907.94
FoodiesMarket;Germany;2001-05-30;Smartphone;99;1418.81;931.75
GreenLife;Belgium;1987-05-21;Sofa;232;190.73;120.02
FoodiesMarket;Netherlands;2019-08-04;Smartphone;437;1018.6;790.73
StyleCorner;Germany;2015-05-23;Tablet;3;879.57;621.84
FoodiesMarket;Germany;2021-01-20;Shoes;190;248.04;162.4
GadgetZone;Poland;1987-04-13;T-shirt;97;242.34;161.12
FoodiesMarket;Netherlands;1976-09-10;Shoes;123;1343.76;869.63
TechWorld;Poland;1981-03-06;Headphones;399;1642.11;924.77
MegaMart;Spain;1983-03-02;TV;372;805.81;470.68
GadgetZone;Netherlands;1982-01-03;Coffee Maker;287;1135.78;917.13
MegaMart;Netherlands;2020-11-04;T-shirt;481;355.19;259.02
StyleCorner;Poland;2010-05-10;Refrigerator;14;339.99;262.92
GreenLife;Poland;2013-06-04;Tablet;350;952.51;803.76
StyleCorner;Italy;2015-03-23;TV;120;179.46;151.08
MegaMart;Germany;1998-12-10;Headphones;98;242.38;208.08
GreenLife;Spain;2004-01-22;Headphones;13;1016.49;721.62
MegaMart;France;1982-06-29;Headphones;100;664.62;530.97
TechWorld;Belgium;2015-05-21;Smartphone;366;114.04;83.74
HomeHub;Italy;1989-08-15;Refrigerator;307;686.04;590.97
GadgetZone;Spain;1976-04-15;Refrigerator;238;54.66;40.34
FoodiesMarket;Belgium;2000-05-15;Shoes;40;559.74;376.63
TechWorld;Germany;2023-01-18;Coffee Maker;336;1065.86;744.11
GreenLife;Italy;1986-04-13;Refrigerator;2;273.14;188.66
FoodiesMarket;Germany;2005-06-24;Laptop;316;732.21;640.16
HomeHub;Germany;2005-12-03;Laptop;386;477.02;302.15
StyleCorner;Spain;2012-12-28;T-shirt;443;1361.58;812.52
StyleCorner;Netherlands;1997-04-29;Shoes;282;867.01;624.57
MegaMart;Italy;2011-03-26;T-shirt;18;806.45;498.15
MegaMart;Poland;2005-01-27;Sofa;157;603.88;424.37
FoodiesMarket;Italy;2021-09-07;Refrigerator;184;955.34;552.97
MegaMart;Netherlands;2021-05-08;T-shirt;85;257.13;206.84
MegaMart;Poland;2007-06-29;Refrigerator;324;774.27;500.58
HomeHub;Netherlands;2014-04-17;Shoes;189;167.19;104.15
GamePoint;Portugal;2014-06-28;TV;198;522.11;326.5
StyleCorner;Italy;1989-03-22;Tablet;113;146.53;89.7
FoodiesMarket;France;1994-09-04;T-shirt;28;1259.63;726.89
GadgetZone;Netherlands;1999-05-21;T-shirt;252;318.75;177.82
TechWorld;Portugal;1996-01-07;T-shirt;487;353.79;280.15
GamePoint;Poland;1976-06-09;Headphones;200;1001.33;569.07
GadgetZone;France;2016-05-17;Smartphone;299;1693.99;994.54
MegaMart;Germany;2011-07-06;Coffee Maker;365;1073.34;783.05
GamePoint;France;1996-08-08;Laptop;227;380.01;317.12
GamePoint;Poland;2014-12-23;Refrigerator;402;1034.84;937.23
TechWorld;France;1979-08-12;Refrigerator;195;999.85;566.05
StyleCorner;Portugal;1995-08-14;Smartphone;99;1464.42;864.56
GreenLife;Spain;1986-09-10;Headphones;34;809.52;584.72
GadgetZone;Portugal;2018-01-02;Headphones;405;796.09;549.44
GreenLife;Spain;1978-04-24;TV;254;140.45;121.63
TechWorld;Spain;1996-06-27;TV;134;189.45;122.63
StyleCorner;Portugal;1976-03-05;T-shirt;284;381.7;324.89
TechWorld;Germany;1982-08-21;Laptop;119;469.11;365.8
FoodiesMarket;Italy;2005-05-12;Refrigerator;60;1341.54;860.95
HomeHub;Spain;2010-04-19;Coffee Maker;455;1196.07;956.22
TechWorld;Germany;2003-07-09;Headphones;301;915.51;763.07
TechWorld;Poland;1979-09-26;Laptop;158;761.16;438.84
GamePoint;France;1994-12-26;Headphones;240;446.18;329.66
GamePoint;Italy;1999-10-05;Shoes;251;1191.36;817.1
HomeHub;Germany;2022-12-26;Shoes;285;1162.81;920.92
HomeHub;Netherlands;2023-06-28;Shoes;18;247.67;148.98
MegaMart;Belgium;2004-10-29;T-shirt;377;508.69;318.89
GreenLife;Spain;1998-03-13;Sofa;367;929.27;555.68
HomeHub;Germany;2011-05-20;Coffee Maker;186;650.78;364.86
TechWorld;Netherlands;2001-08-10;TV;467;941.4;804.85
StyleCorner;Germany;2013-10-16;Laptop;314;973.97;709.03
TechWorld;Spain;2005-02-18;T-shirt;96;49.88;31.67
GadgetZone;Spain;2009-06-28;Refrigerator;107;1259.74;868.38
GreenLife;Poland;1988-04-02;TV;156;682.04;425.85
FoodiesMarket;Germany;1976-05-12;Smartphone;328;558.28;375.84
MegaMart;Poland;1978-12-05;Coffee Maker;460;1072.4;888.1
MegaMart;Belgium;1994-08-23;Refrigerator;223;489.41;403.99
HomeHub;Italy;2012-12-16;Refrigerator;92;1413.8;926.45
HomeHub;Italy;1998-04-19;Shoes;410;721.61;573.11
HomeHub;Italy;1986-06-07;Coffee Maker;178;488.11;316.21
StyleCorner;Spain;1981-10-04;Laptop;403;1193.29;915.58
MegaMart;Belgium;2011-02-21;Coffee Maker;433;1170.7;731.0
GadgetZone;Belgium;2011-11-30;Smartphone;150;230.58;197.25
GadgetZone;Belgium;2017-03-16;Smartphone;115;467.62;311.88
GamePoint;Spain;2014-11-07;Tablet;37;163.81;134.88
StyleCorner;France;1976-07-12;Laptop;235;472.29;291.24
TechWorld;Spain;2021-03-14;Sofa;343;1030.28;805.63
StyleCorner;Belgium;2003-11-07;T-shirt;182;1020.23;591.39
GamePoint;Poland;1988-11-19;Coffee Maker;109;837.1;546.1
FoodiesMarket;France;2007-08-06;Laptop;346;1178.97;803.64
TechWorld;Belgium;1996-11-08;Refrigerator;64;568.13;335.23
GamePoint;Italy;1992-09-21;Sofa;263;616.71;500.53
TechWorld;Portugal;1994-10-29;TV;352;99.88;81.47
GadgetZone;Spain;1999-06-19;Refrigerator;4;228.08;190.73
GamePoint;Italy;1992-12-17;Headphones;465;353.37;282.83
StyleCorner;Netherlands;1995-11-23;Sofa;499;599.73;512.43
GadgetZone;Spain;1983-10-28;TV;247;1159.84;753.52
StyleCorner;Germany;2002-05-25;Laptop;219;1176.33;976.44
TechWorld;Italy;1993-06-06;Shoes;407;513.77;337.63
MegaMart;Germany;2015-03-17;Smartphone;289;517.47;325.68
MegaMart;Italy;1989-05-20;TV;69;192.73;132.42
MegaMart;France;1984-12-22;Sofa;73;1551.35;985.05
GadgetZone;Spain;2002-01-28;Refrigerator;299;1214.95;865.68
GreenLife;Poland;2016-03-07;Tablet;112;1191.53;898.4
StyleCorner;Spain;2008-10-07;Coffee Maker;226;650.61;465.48
GamePoint;Belgium;1976-05-04;Tablet;149;350.59;318.55
GreenLife;Italy;2003-06-29;Sofa;368;1225.85;884.94
GreenLife;Netherlands;2018-01-18;Tablet;99;665.19;484.6
GreenLife;Belgium;1977-11-07;Headphones;66;387.11;245.66
GadgetZone;Belgium;2014-05-22;Shoes;418;578.19;497.8
StyleCorner;Italy;1980-07-20;Shoes;480;471.89;292.92
HomeHub;France;2018-05-14;Smartphone;452;52.85;41.14
GamePoint;Germany;1981-05-05;Tablet;155;214.27;121.79
StyleCorner;France;1997-01-26;Shoes;245;327.35;211.47
TechWorld;Germany;2019-08-29;Sofa;263;642.18;416.44
TechWorld;Italy;2001-03-06;Shoes;214;1436.8;943.09
GreenLife;Spain;1984-05-11;Sofa;81;328.88;262.91
FoodiesMarket;Germany;2009-12-15;Sofa;139;1417.25;992.18
HomeHub;Italy;2016-05-19;Refrigerator;258;1264.36;702.64
StyleCorner;France;1996-08-14;T-shirt;284;1359.17;858.68
MegaMart;Germany;1998-09-03;Smartphone;75;208.82;178.39
StyleCorner;Germany;1978-08-07;Shoes;127;426.82;293.52
MegaMart;Italy;2006-10-02;Coffee Maker;186;883.13;705.94
MegaMart;Spain;2011-01-11;TV;237;1350.17;757.74
FoodiesMarket;Italy;2001-08-13;Smartphone;465;62.34;45.64
GreenLife;Belgium;1993-03-04;Laptop;160;1121.8;975.94
FoodiesMarket;Poland;1986-10-14;Refrigerator;170;497.39;343.41
StyleCorner;Italy;2003-10-13;Shoes;353;366.28;281.99
GamePoint;Spain;1984-01-15;Coffee Maker;264;884.76;685.5
HomeHub;Germany;1976-10-28;Smartphone;264;235.67;133.94
MegaMart;Germany;2002-02-26;Tablet;456;1151.34;737.44
MegaMart;Italy;2020-07-28;Laptop;116;794.79;533.98
MegaMart;Italy;1999-12-23;Laptop;327;1305.77;807.41
HomeHub;Germany;2010-11-12;Shoes;407;753.72;555.84
GamePoint;Netherlands;1976-03-21;T-shirt;438;43.82;27.49
TechWorld;Italy;2008-10-23;Refrigerator;84;1149.52;736.97
StyleCorner;Germany;1989-12-02;Shoes;297;721.95;653.34
MegaMart;Portugal;2022-03-08;Smartphone;106;1292.32;876.89
FoodiesMarket;Spain;1990-03-13;Coffee Maker;16;1030.93;604.02
GreenLife;France;2010-08-14;Shoes;374;315.56;274.79
HomeHub;Belgium;1997-11-12;Shoes;351;972.68;650.21
MegaMart;Belgium;1991-09-05;Coffee Maker;58;136.09;76.1
MegaMart;Germany;2017-08-21;Refrigerator;250;776.76;500.57
GreenLife;Italy;1999-10-18;Headphones;364;7.64;6.84
GamePoint;Italy;2014-04-17;Laptop;452;233.8;156.27
GadgetZone;Italy;2009-03-01;Shoes;245;495.06;293.58
GamePoint;Poland;1992-10-15;Coffee Maker;380;852.96;714.66
GreenLife;France;1983-04-29;Shoes;307;999.88;791.61
HomeHub;Germany;1994-06-14;Headphones;180;222.02;139.73
StyleCorner;Netherlands;1998-07-31;Smartphone;64;350.07;201.85
FoodiesMarket;Poland;2017-10-26;Tablet;66;681.27;608.86
GreenLife;Italy;2008-10-14;Refrigerator;357;1029.77;797.54
StyleCorner;France;2013-06-28;T-shirt;49;327.26;215.02
GamePoint;Germany;1990-06-23;Sofa;400;667.91;450.42
MegaMart;Portugal;2013-06-23;T-shirt;196;1343.62;844.8
MegaMart;Italy;1979-04-27;Laptop;496;1184.1;938.82
MegaMart;Belgium;2016-07-06;Smartphone;331;244.14;163.27
HomeHub;Spain;1983-10-29;Smartphone;215;287.41;185.64
MegaMart;Netherlands;2023-10-09;Smartphone;27;331.14;280.81
FoodiesMarket;Spain;1979-07-02;Laptop;180;344.95;206.17
GamePoint;Netherlands;2022-03-25;Headphones;86;76.13;56.71
GreenLife;Netherlands;1995-12-02;T-shirt;194;901.39;585.25
GreenLife;Netherlands;1995-09-19;Headphones;219;1272.33;872.28
TechWorld;Germany;1987-04-13;Laptop;171;1294.71;898.28
FoodiesMarket;France;2001-04-27;Laptop;245;444.55;332.13
FoodiesMarket;Germany;1997-07-11;Shoes;367;1140.0;877.58
StyleCorner;Germany;2013-08-31;Shoes;19;299.11;229.0
MegaMart;Germany;2009-09-18;Sofa;485;1259.67;894.99
FoodiesMarket;Italy;2000-01-31;Shoes;110;25.96;14.63
HomeHub;Netherlands;2020-03-08;Smartphone;449;131.81;85.67
FoodiesMarket;Poland;1992-07-22;Tablet;398;367.13;208.88
GreenLife;Belgium;2002-03-30;T-shirt;436;987.13;813.24
GreenLife;Italy;1984-11-08;T-shirt;452;769.47;687.49
FoodiesMarket;Belgium;1977-08-10;Tablet;245;188.7;141.01
FoodiesMarket;Netherlands;1979-12-30;Smartphone;263;454.17;289.07
GreenLife;Belgium;2011-03-31;Smartphone;397;752.7;660.25
GadgetZone;Italy;2020-12-05;Coffee Maker;43;1460.2;842.82
GadgetZone;France;2009-04-04;Smartphone;50;750.13;465.03
TechWorld;Belgium;2001-10-17;Headphones;343;929.37;553.14
GadgetZone;Netherlands;2018-01-05;TV;341;354.72;260.53
FoodiesMarket;Poland;1989-12-07;Tablet;148;42.9;30.11
GamePoint;Spain;2021-04-23;TV;187;336.47;285.1
MegaMart;Spain;1997-04-17;Sofa;279;866.23;564.98
HomeHub;Portugal;2002-03-23;Tablet;340;91.5;66.34
StyleCorner;Netherlands;2010-10-07;Shoes;88;1376.51;893.71
MegaMart;Netherlands;1991-02-06;Headphones;228;1385.42;861.01
GamePoint;Italy;2022-03-25;T-shirt;31;603.08;369.58
GreenLife;Belgium;1987-07-21;Sofa;27;404.82;277.38
FoodiesMarket;Netherlands;2000-12-25;Shoes;114;145.89;93.75
HomeHub;Portugal;2011-09-22;Refrigerator;343;1182.37;874.78
FoodiesMarket;Netherlands;1975-11-15;Coffee Maker;384;230.92;140.98
GreenLife;Germany;1998-11-24;T-shirt;455;1127.77;795.6
GamePoint;Belgium;1994-01-30;Smartphone;31;1259.57;861.62
GreenLife;Poland;2010-09-27;Headphones;251;214.42;151.93
StyleCorner;Netherlands;1996-06-15;Laptop;94;906.18;543.49
GreenLife;Belgium;1983-07-27;Smartphone;373;1286.28;911.17
GreenLife;Portugal;1997-02-04;Coffee Maker;273;327.74;291.27
GreenLife;Germany;1993-07-20;Sofa;127;1409.28;959.69
GreenLife;Portugal;1992-09-29;Headphones;354;145.96;91.59
HomeHub;Italy;1996-05-18;T-shirt;483;451.71;252.2
MegaMart;Poland;1989-01-07;T-shirt;131;1394.76;934.61
GamePoint;Portugal;1975-12-21;TV;205;981.25;564.29
HomeHub;Spain;1995-01-10;Shoes;81;996.33;772.76
GreenLife;France;1976-09-13;Smartphone;264;399.18;351.81
GreenLife;Germany;2012-07-24;T-shirt;78;108.7;73.8
StyleCorner;Italy;1984-12-23;Laptop;144;1004.82;566.69
TechWorld;Poland;2003-08-29;Smartphone;321;1282.93;806.48
StyleCorner;Belgium;1998-04-24;TV;341;549.04;488.69
StyleCorner;France;2007-12-25;Headphones;153;176.74;152.22
GamePoint;Italy;2009-02-26;Shoes;117;1304.39;823.65
GadgetZone;Spain;2010-06-01;Shoes;374;600.64;496.57
FoodiesMarket;Italy;1990-10-16;T-shirt;306;696.94;605.4
TechWorld;Belgium;1983-07-27;Smartphone;322;565.09;494.79
HomeHub;Netherlands;1992-11-14;Headphones;294;1467.84;977.12
GreenLife;Italy;2018-02-05;Laptop;170;903.96;551.47
MegaMart;Italy;2002-10-22;Refrigerator;183;522.15;453.02
FoodiesMarket;France;1992-08-21;Laptop;168;26.96;18.01
StyleCorner;Poland;1990-12-18;T-shirt;464;1003.99;573.54
GreenLife;Spain;1977-12-20;Smartphone;336;703.96;567.97
TechWorld;Belgium;2020-10-13;Shoes;3;950.52;581.63
GamePoint;Germany;1999-01-01;Headphones;92;1003.97;713.6
GamePoint;Germany;2005-06-14;Shoes;36;1035.54;787.72
GadgetZone;France;1995-08-16;TV;368;1481.59;962.74
TechWorld;Netherlands;1980-09-09;Headphones;54;592.78;505.65
HomeHub;Spain;2019-04-25;T-shirt;86;1224.21;913.28
GadgetZone;Belgium;2017-03-04;Laptop;201;1101.93;648.04
MegaMart;Netherlands;2011-10-26;T-shirt;3;795.66;720.22
TechWorld;Germany;1990-02-22;Headphones;469;878.43;504.72
GreenLife;Poland;1981-12-18;Tablet;127;830.98;465.23
GamePoint;Germany;2012-01-08;T-shirt;46;251.03;153.93
HomeHub;Netherlands;1995-08-22;Sofa;238;526.22;301.3
TechWorld;Spain;1979-05-31;Tablet;419;570.86;491.25
StyleCorner;Germany;1982-09-22;Tablet;110;200.57;119.84
MegaMart;Italy;1980-11-02;Sofa;349;651.3;591.43
GreenLife;France;1981-04-06;Shoes;487;52.18;31.47
FoodiesMarket;Italy;2002-09-03;Laptop;219;641.94;510.99
GadgetZone;Belgium;1978-03-15;Laptop;184;639.01;537.94
TechWorld;France;2021-12-10;Tablet;372;1224.49;857.02
GreenLife;Italy;1999-10-31;Headphones;403;92.56;70.13
HomeHub;Portugal;1994-10-19;Shoes;340;185.02;129.43
HomeHub;France;1984-03-03;T-shirt;309;1252.33;744.93
GadgetZone;Belgium;2019-04-12;Laptop;182;634.32;355.03
MegaMart;Spain;1984-03-16;Smartphone;201;1189.0;972.67
FoodiesMarket;Italy;1986-06-27;Headphones;319;371.06;216.51
HomeHub;Netherlands;2011-11-30;Sofa;478;215.5;181.16
StyleCorner;Portugal;1987-09-19;Coffee Maker;454;145.74;109.02
FoodiesMarket;Netherlands;1991-09-08;Refrigerator;257;1031.47;596.07
GadgetZone;Belgium;1989-05-16;Shoes;4;632.91;352.41
TechWorld;France;1993-09-14;Headphones;161;637.94;504.52
StyleCorner;France;1996-02-29;Coffee Maker;159;993.76;783.16
StyleCorner;Netherlands;2022-04-14;Sofa;326;761.1;427.19
GadgetZone;Germany;1983-11-25;Smartphone;398;1453.21;963.47
GadgetZone;Netherlands;2018-11-03;Refrigerator;273;102.8;64.62
TechWorld;Portugal;1996-08-10;Smartphone;173;966.87;682.02
HomeHub;Germany;1996-08-28;Headphones;383;1527.5;878.51
TechWorld;Poland;1997-03-07;Coffee Maker;169;72.84;52.69
GreenLife;Poland;1985-02-07;Headphones;444;814.68;667.25
StyleCorner;France;1996-09-07;Headphones;289;488.24;368.09
GamePoint;France;2018-03-26;Coffee Maker;322;817.48;632.53
FoodiesMarket;Italy;1978-05-31;Sofa;203;39.7;31.87
GadgetZone;Portugal;2009-06-05;Laptop;206;1105.64;663.27
FoodiesMarket;Germany;1979-11-08;T-shirt;326;859.78;762.42
HomeHub;Netherlands;2007-07-22;Shoes;162;128.44;89.17
GreenLife;France;2001-05-31;T-shirt;455;923.12;664.95
GadgetZone;Poland;1994-09-18;T-shirt;181;110.92;84.29
GreenLife;Italy;1998-03-31;Laptop;205;1140.04;821.81
HomeHub;Portugal;2016-09-27;TV;371;37.48;21.45
GreenLife;Italy;1990-06-08;TV;337;1150.49;666.33
GreenLife;France;2014-12-30;Coffee Maker;13;541.02;456.38
MegaMart;Poland;2022-01-03;Headphones;361;923.34;545.43
HomeHub;Netherlands;2018-11-09;Headphones;170;646.39;536.04
GadgetZone;Belgium;2023-08-03;Headphones;135;511.98;364.9
StyleCorner;Italy;1991-05-03;Shoes;6;925.09;529.81
GadgetZone;Germany;1994-03-30;Tablet;431;1241.32;812.59
GamePoint;Portugal;1989-09-22;Tablet;338;440.24;257.95
MegaMart;Belgium;2003-03-16;Tablet;358;502.43;427.48
FoodiesMarket;Netherlands;1980-05-22;Refrigerator;190;1004.12;870.16
TechWorld;Spain;1989-02-27;T-shirt;173;419.78;380.54
StyleCorner;Belgium;1996-09-08;Smartphone;346;1078.29;651.4
GadgetZone;Italy;1977-11-13;Headphones;53;1068.87;709.92
GreenLife;Germany;1980-03-28;Tablet;463;1341.98;800.67
HomeHub;Belgium;2005-07-17;Sofa;355;1260.98;713.26
FoodiesMarket;Belgium;2019-01-08;Tablet;270;1274.3;964.74
FoodiesMarket;Netherlands;1987-02-27;TV;279;99.22;83.12
FoodiesMarket;Poland;1997-02-03;TV;492;342.3;192.83
MegaMart;Spain;1987-01-30;Coffee Maker;24;1515.3;992.05
GreenLife;Portugal;1979-05-16;Smartphone;41;391.09;256.86
GreenLife;France;2023-03-28;Laptop;138;1272.24;716.42
FoodiesMarket;Italy;2017-07-25;Headphones;283;1496.05;927.52
MegaMart;Germany;2022-09-15;Refrigerator;14;424.19;360.2
FoodiesMarket;Netherlands;1975-12-24;Coffee Maker;290;170.24;142.32
HomeHub;Portugal;2015-10-12;Refrigerator;19;505.08;343.97
GadgetZone;Spain;1979-08-12;Refrigerator;222;685.51;401.43
MegaMart;Portugal;1994-05-12;T-shirt;414;1107.52;633.09
HomeHub;France;1981-01-17;Laptop;498;1065.02;609.54
MegaMart;Netherlands;1981-02-20;Coffee Maker;194;18.77;15.23
TechWorld;Italy;2009-08-17;Coffee Maker;227;804.92;532.33
MegaMart;Poland;1977-04-18;Smartphone;455;1191.27;842.03
GreenLife;Italy;1981-04-05;Headphones;51;532.79;387.79
HomeHub;Portugal;1987-10-28;Coffee Maker;48;226.35;169.31
GamePoint;Poland;2008-01-12;Smartphone;395;266.67;238.41
HomeHub;Italy;2009-08-26;TV;59;1006.0;882.81
GamePoint;Belgium;1984-01-15;Headphones;222;1198.41;730.96
TechWorld;France;2000-10-31;Smartphone;396;1482.88;939.69
GadgetZone;Portugal;1994-08-29;Laptop;53;1039.34;651.04
GamePoint;Poland;1977-02-23;Refrigerator;65;1109.59;930.13
FoodiesMarket;Portugal;1992-07-27;Smartphone;271;960.52;546.35
GreenLife;Poland;2010-04-04;Headphones;209;578.24;383.87
GamePoint;Belgium;1999-11-01;Headphones;60;1346.52;962.71
StyleCorner;Germany;2014-11-01;Shoes;52;917.07;547.48
MegaMart;Germany;2005-11-12;Sofa;457;204.07;159.68
MegaMart;Poland;1984-02-04;Coffee Maker;386;387.96;309.77
StyleCorner;France;2018-07-18;TV;130;320.44;252.22
GreenLife;France;2009-01-13;Sofa;181;452.19;259.59
MegaMart;Italy;2011-02-13;Sofa;444;1403.45;780.31
HomeHub;Germany;1999-07-10;T-shirt;443;813.17;600.59
GamePoint;Germany;2000-07-23;Tablet;105;1158.24;700.98
GadgetZone;Italy;2006-08-09;Headphones;267;839.49;573.93
StyleCorner;Germany;2004-10-11;Smartphone;55;931.62;678.44
FoodiesMarket;Spain;1997-02-04;Smartphone;454;1461.35;933.18
GreenLife;Poland;1976-11-01;T-shirt;205;402.61;339.49
MegaMart;Spain;1977-09-03;Laptop;161;199.63;167.11
GadgetZone;Spain;2013-12-10;Laptop;355;1049.9;929.55
TechWorld;Germany;1983-10-22;Tablet;382;675.66;398.42
StyleCorner;Spain;1992-03-16;Sofa;131;869.2;650.76
GadgetZone;Poland;2008-09-11;Headphones;201;548.7;305.93
GreenLife;Spain;1996-09-05;Refrigerator;427;913.2;596.45
GreenLife;Portugal;2022-07-06;T-shirt;348;755.82;582.15
MegaMart;Germany;2007-03-01;Headphones;403;875.08;543.82
TechWorld;France;2023-07-25;Smartphone;181;672.78;515.49
GamePoint;Portugal;1998-06-06;Tablet;195;612.14;380.34
FoodiesMarket;France;2004-03-21;Headphones;267;1589.25;959.23
FoodiesMarket;Belgium;2021-12-02;Shoes;131;106.95;76.39
GamePoint;France;1989-11-29;Sofa;344;226.67;126.88
TechWorld;Poland;2012-04-27;Coffee Maker;355;1505.31;838.3
GadgetZone;Portugal;2000-02-05;T-shirt;496;741.15;434.03
GamePoint;Italy;1985-01-02;Coffee Maker;162;1373.16;913.39
FoodiesMarket;Netherlands;1990-05-20;TV;478;260.07;176.81
MegaMart;Germany;2004-03-26;Headphones;418;202.25;179.38
TechWorld;Italy;1993-10-02;T-shirt;309;171.4;96.04
GreenLife;Germany;1997-08-24;T-shirt;386;455.92;395.92
TechWorld;Germany;1977-12-06;Laptop;268;622.42;395.1
HomeHub;Belgium;2008-02-23;Shoes;145;148.2;108.12
GadgetZone;Italy;2009-12-27;Coffee Maker;56;657.23;452.13
FoodiesMarket;Poland;2021-01-06;Sofa;482;43.25;25.74
StyleCorner;Italy;1996-03-21;Refrigerator;8;239.05;178.93
MegaMart;Belgium;1993-03-30;Sofa;14;143.9;83.79
GreenLife;France;2012-10-28;T-shirt;161;1279.73;820.15
GreenLife;Spain;1976-11-18;Shoes;473;199.15;110.69
GreenLife;Belgium;1979-07-31;Shoes;59;883.95;758.62
MegaMart;France;2004-08-09;Coffee Maker;459;1057.23;700.39
FoodiesMarket;Germany;1998-07-15;Smartphone;460;1372.21;780.11
StyleCorner;Netherlands;2020-06-06;T-shirt;206;1038.43;731.42
FoodiesMarket;France;1977-07-01;Refrigerator;99;589.99;442.11
MegaMart;Belgium;2022-10-22;Tablet;420;1036.57;870.26
MegaMart;Portugal;1991-11-04;Tablet;50;978.94;619.6
TechWorld;Spain;2018-02-10;Shoes;104;1213.19;905.86
FoodiesMarket;Netherlands;2013-03-07;Smartphone;277;102.28;57.65
GreenLife;Portugal;1987-03-24;Shoes;118;1239.3;996.91
MegaMart;France;2007-09-26;Tablet;228;902.94;619.34
GadgetZone;Spain;1993-12-06;Headphones;153;156.3;126.25
GreenLife;Belgium;2001-07-25;Coffee Maker;421;992.71;762.38
GreenLife;Spain;1986-08-12;Headphones;269;1400.19;970.83
MegaMart;Italy;2004-11-27;Refrigerator;446;556.85;354.63
GamePoint;France;1998-02-01;Laptop;170;170.54;145.8
MegaMart;Belgium;1977-10-23;Smartphone;353;568.89;483.9
FoodiesMarket;Italy;2004-04-15;Headphones;257;645.75;484.65
GadgetZone;Poland;2020-10-12;Coffee Maker;153;677.11;444.07
HomeHub;Netherlands;1979-02-13;Refrigerator;323;532.75;460.73
GamePoint;Germany;2003-07-25;Coffee Maker;57;848.37;523.66
TechWorld;Portugal;2015-03-20;Coffee Maker;225;501.07;291.83
GamePoint;Italy;1994-01-07;T-shirt;428;202.48;162.99
GadgetZone;Portugal;2006-09-03;TV;311;704.27;543.12
GadgetZone;Italy;2014-09-18;Tablet;183;373.45;230.46
FoodiesMarket;Spain;2018-11-13;Shoes;76;498.22;317.4
MegaMart;Germany;2021-09-20;Tablet;355;1032.67;601.06
MegaMart;Netherlands;2023-04-08;Refrigerator;480;981.75;809.39
GadgetZone;Italy;1983-02-13;Sofa;12;1097.84;768.82
MegaMart;France;2019-08-28;Shoes;294;182.69;133.34
GreenLife;Netherlands;1995-01-26;Sofa;442;1074.3;728.64
TechWorld;Germany;1984-08-31;T-shirt;39;1152.64;700.96
GreenLife;Belgium;1986-03-20;Tablet;324;860.94;532.64
StyleCorner;France;2013-01-21;Smartphone;86;1197.23;970.62
GadgetZone;France;1998-10-01;Laptop;414;462.66;384.87
HomeHub;France;1984-08-21;Coffee Maker;197;1172.19;979.72
GadgetZone;France;1980-06-14;Coffee Maker;473;1091.35;743.89
StyleCorner;Belgium;2001-06-10;Sofa;179;159.73;120.31
FoodiesMarket;Portugal;2021-10-09;Refrigerator;59;952.15;547.64
StyleCorner;Spain;2008-09-14;Laptop;137;192.97;119.84
MegaMart;Netherlands;2005-06-30;Sofa;459;1377.51;852.96
GadgetZone;Belgium;2003-06-14;Coffee Maker;456;708.95;472.41
HomeHub;Portugal;1985-05-08;Shoes;152;414.49;346.25
StyleCorner;Netherlands;2014-11-21;TV;204;63.46;35.4
MegaMart;France;1987-03-28;TV;466;1129.13;932.75
TechWorld;Portugal;1989-09-03;Shoes;46;702.34;636.07
HomeHub;Italy;1979-03-15;Smartphone;358;986.11;571.99
StyleCorner;Italy;1990-10-04;Laptop;404;1296.19;738.79
GreenLife;Belgium;2013-08-14;T-shirt;284;1406.29;782.88
StyleCorner;Belgium;1977-07-08;Laptop;471;83.34;54.18
HomeHub;Belgium;2007-07-12;Headphones;235;430.64;301.6
FoodiesMarket;Portugal;1981-07-25;Refrigerator;176;1336.04;867.02
MegaMart;France;1977-09-16;Coffee Maker;494;1339.16;808.45
GamePoint;Netherlands;2018-07-26;TV;96;1143.35;791.22
GamePoint;Poland;2008-08-12;Laptop;468;944.42;675.92
HomeHub;France;1983-11-17;Coffee Maker;80;171.79;106.13
GreenLife;Spain;2021-07-19;Refrigerator;204;159.1;103.61
FoodiesMarket;France;1989-04-08;Laptop;201;889.81;780.08
StyleCorner;Germany;2022-04-01;Smartphone;397;14.49;9.74
StyleCorner;Netherlands;2009-10-14;Tablet;328;920.76;598.66
FoodiesMarket;Italy;2022-03-27;Tablet;173;1183.2;866.68
FoodiesMarket;Portugal;2011-05-28;Headphones;362;161.59;138.18
GamePoint;Belgium;2018-12-03;Refrigerator;276;566.08;513.3
HomeHub;Belgium;1993-05-30;Tablet;368;688.89;446.25
FoodiesMarket;Poland;2018-08-02;Headphones;82;1162.16;736.83
StyleCorner;Italy;1977-07-12;Smartphone;15;153.75;134.42
MegaMart;Poland;1988-04-17;Shoes;151;1311.99;826.57
FoodiesMarket;Portugal;2012-09-08;T-shirt;466;666.79;378.29
FoodiesMarket;Belgium;1985-10-23;Tablet;121;568.06;436.28
GreenLife;Spain;1986-07-13;Tablet;102;435.48;303.58
HomeHub;Germany;2000-04-28;Shoes;206;1292.1;889.91
FoodiesMarket;Belgium;2001-04-01;Headphones;356;834.4;495.82
TechWorld;Belgium;2022-09-22;Sofa;96;1130.53;889.23
GamePoint;Netherlands;1999-08-22;Coffee Maker;441;787.09;491.62
StyleCorner;Spain;1994-03-11;Shoes;29;675.6;586.24
HomeHub;Poland;2005-10-05;Laptop;322;1359.27;897.89
TechWorld;Spain;2001-03-08;Sofa;497;79.73;49.09
GadgetZone;Portugal;2015-05-05;Sofa;28;1567.05;874.74
GamePoint;Italy;1979-01-15;T-shirt;168;765.55;662.83
HomeHub;Netherlands;1985-01-21;Refrigerator;174;943.02;707.34
GadgetZone;Spain;1975-12-22;Smartphone;469;1258.89;946.05
GadgetZone;Italy;1991-01-21;Laptop;209;964.79;679.06
GreenLife;Poland;1984-09-26;Tablet;24;868.05;695.7
HomeHub;Poland;2011-01-08;Shoes;393;1198.88;695.74
TechWorld;Netherlands;1988-01-15;T-shirt;85;909.55;814.76
TechWorld;Germany;2005-05-17;Shoes;25;960.27;694.23
TechWorld;France;1982-06-20;Sofa;156;1287.95;910.29
GamePoint;Spain;1994-01-30;Smartphone;379;506.02;323.49
GreenLife;France;2001-12-15;TV;188;678.7;499.96
StyleCorner;Belgium;2017-04-21;Tablet;99;100.39;59.42
HomeHub;Portugal;1995-08-03;Laptop;282;984.37;804.56
TechWorld;Spain;1997-03-31;Refrigerator;198;196.68;110.39
StyleCorner;Poland;1987-05-22;Refrigerator;301;96.42;85.63
GamePoint;Italy;1994-03-18;Tablet;339;887.06;616.07
StyleCorner;Netherlands;1999-03-17;Laptop;78;1177.51;918.04
GreenLife;France;1996-10-01;TV;348;166.21;130.03
GamePoint;Spain;1990-08-20;TV;150;1185.02;890.14
StyleCorner;Spain;1981-09-25;TV;207;360.54;258.79
FoodiesMarket;France;2013-07-07;Tablet;136;1258.02;819.33
GreenLife;Italy;2018-03-17;Refrigerator;305;399.7;276.52
MegaMart;Germany;1995-07-08;Headphones;385;510.54;337.9
FoodiesMarket;Poland;2018-10-06;Smartphone;181;266.09;148.92
MegaMart;Germany;1984-09-03;Smartphone;315;1206.21;872.72
TechWorld;Spain;2003-12-05;Smartphone;100;162.34;116.19
GreenLife;Germany;2009-01-11;T-shirt;315;1422.89;902.39
GamePoint;France;1996-10-27;Shoes;382;1253.58;952.41
FoodiesMarket;Spain;1983-07-12;TV;120;1403.49;995.34
GreenLife;Netherlands;2010-08-12;Coffee Maker;231;77.59;43.98
GadgetZone;Spain;2004-08-02;Tablet;66;1450.83;881.35
HomeHub;Belgium;2015-10-18;Tablet;391;1691.85;982.58
FoodiesMarket;Poland;1994-03-26;Sofa;295;1012.17;871.87
FoodiesMarket;Portugal;2005-12-17;Shoes;169;337.62;254.0
TechWorld;Germany;1998-02-10;Laptop;471;587.43;359.85
HomeHub;Poland;1986-02-11;Smartphone;369;299.88;196.01
GadgetZone;Spain;2008-02-27;Smartphone;96;1595.48;999.39
TechWorld;Belgium;1981-02-02;Shoes;348;965.2;536.72
GadgetZone;Netherlands;1994-06-02;Laptop;485;125.07;98.9
StyleCorner;France;2011-05-25;Laptop;410;957.01;816.83
HomeHub;Spain;2015-09-26;Tablet;186;834.16;527.0
GreenLife;Germany;1982-10-05;Headphones;74;165.27;110.16
GamePoint;Poland;2018-10-17;Coffee Maker;230;1217.78;695.29
MegaMart;Portugal;2010-04-23;Refrigerator;31;485.71;395.04
GreenLife;France;1979-03-15;Coffee Maker;168;348.5;244.34
GamePoint;Belgium;1977-11-08;Coffee Maker;450;1033.73;812.01
StyleCorner;Netherlands;2021-04-26;TV;98;589.21;449.48
GadgetZone;Portugal;1981-04-20;T-shirt;350;478.33;268.72
MegaMart;Poland;2006-02-24;Coffee Maker;292;856.47;620.88
TechWorld;Spain;1979-08-01;Refrigerator;422;1522.74;903.96
FoodiesMarket;France;1980-09-06;Shoes;53;721.07;560.5
HomeHub;Netherlands;1980-12-18;Smartphone;145;1271.59;797.64
HomeHub;Spain;1991-11-23;Shoes;342;122.0;76.62
GadgetZone;Belgium;2007-11-02;Smartphone;224;346.83;273.42
TechWorld;France;1997-03-29;Headphones;454;107.24;90.3
FoodiesMarket;France;1991-02-01;Laptop;140;939.2;756.76
FoodiesMarket;Italy;2011-02-08;Laptop;439;313.71;282.74
TechWorld;France;1995-03-29;Refrigerator;47;364.19;274.59
TechWorld;Italy;1998-10-02;Headphones;376;794.67;442.35
MegaMart;Belgium;1989-11-30;Smartphone;305;827.15;705.16
StyleCorner;Belgium;1988-02-21;Sofa;175;199.96;111.75
TechWorld;France;2019-07-25;Tablet;119;629.44;488.69
MegaMart;France;2002-04-18;Coffee Maker;267;649.43;574.59
HomeHub;Portugal;1980-06-15;Sofa;324;337.42;221.02
TechWorld;Netherlands;1976-04-30;Refrigerator;484;814.04;664.68
MegaMart;France;1993-05-16;Headphones;201;1170.97;771.04
StyleCorner;Portugal;1976-09-18;Smartphone;294;1010.77;884.05
GreenLife;Spain;1986-05-08;Shoes;302;612.22;420.58
MegaMart;France;2000-08-24;Shoes;383;346.37;197.46
GreenLife;Germany;1992-07-22;TV;384;612.4;496.1
TechWorld;Portugal;1999-06-23;T-shirt;84;741.3;417.2
GadgetZone;Portugal;1981-10-21;Laptop;363;19.93;14.15
GamePoint;France;1997-01-15;Shoes;273;285.11;173.97
MegaMart;Italy;1984-10-14;Smartphone;479;1223.2;940.7
FoodiesMarket;France;1991-05-13;Refrigerator;490;904.9;648.16
GadgetZone;Netherlands;2017-11-03;Tablet;59;931.87;673.61
StyleCorner;Belgium;1977-11-04;T-shirt;116;173.77;144.99
HomeHub;Netherlands;1982-10-29;Laptop;493;545.53;306.16
FoodiesMarket;Germany;2014-10-03;Laptop;4;828.5;496.67
TechWorld;Poland;1986-05-16;Smartphone;9;157.84;101.41
GamePoint;Italy;1981-07-13;Smartphone;182;265.16;229.81
TechWorld;Germany;1984-08-03;Smartphone;241;1204.6;974.38
TechWorld;Germany;1996-01-14;Refrigerator;172;373.8;231.66
StyleCorner;Italy;2002-12-24;Headphones;41;966.6;600.87
GreenLife;Germany;1993-04-08;Sofa;67;661.13;453.5
GadgetZone;Germany;1987-06-24;Headphones;46;1057.39;616.64
FoodiesMarket;Netherlands;1990-12-17;Coffee Maker;486;708.34;535.27
StyleCorner;Spain;1983-08-23;Coffee Maker;42;186.91;112.97
StyleCorner;Poland;2021-09-12;Headphones;345;26.09;16.16
GamePoint;Germany;2020-09-10;Tablet;158;611.77;533.07
GamePoint;Germany;2000-09-10;Refrigerator;282;53.46;34.7
StyleCorner;Poland;1975-11-04;Headphones;431;1001.85;618.03
GamePoint;Spain;1995-04-08;Smartphone;184;1168.37;712.44
TechWorld;Poland;1986-01-22;Sofa;54;911.16;755.72
GadgetZone;Netherlands;1994-12-30;TV;75;1156.77;805.69
HomeHub;Germany;1992-04-02;Tablet;273;353.74;210.08
GreenLife;Belgium;2006-03-06;TV;272;716.41;436.52
StyleCorner;Belgium;1987-06-21;Headphones;185;1084.74;978.75
MegaMart;Poland;2012-07-27;Smartphone;318;1144.23;812.59
TechWorld;Poland;2002-05-11;Refrigerator;266;1327.42;763.33
GadgetZone;Poland;1978-12-08;Tablet;128;63.93;36.56
TechWorld;Spain;1991-10-14;TV;32;62.71;46.44
MegaMart;Belgium;1999-05-09;Tablet;331;968.38;860.33
GadgetZone;Poland;2007-05-24;Smartphone;179;105.58;79.38
GreenLife;Portugal;1983-04-19;Laptop;329;910.07;616.41
GamePoint;Germany;1975-12-07;Smartphone;439;946.2;678.8
GreenLife;Italy;1986-11-27;Coffee Maker;313;245.74;170.77
GamePoint;Portugal;2006-10-06;Shoes;104;1061.67;649.2
FoodiesMarket;Italy;2020-12-05;TV;228;825.8;564.07
GadgetZone;Netherlands;2016-05-17;Laptop;51;880.24;755.23
StyleCorner;Spain;2020-08-28;TV;393;231.93;180.98
TechWorld;Italy;1997-10-27;T-shirt;220;113.82;103.1
GamePoint;Portugal;1978-12-10;Laptop;37;715.08;546.9
StyleCorner;Italy;2014-12-05;Coffee Maker;332;364.59;215.72
FoodiesMarket;Belgium;2017-05-06;Tablet;433;812.34;613.91
GreenLife;France;1998-08-10;Smartphone;460;1167.18;982.31
HomeHub;Portugal;2022-04-30;Smartphone;252;989.34;695.23
GamePoint;Germany;1989-05-02;Refrigerator;355;836.42;579.82
GamePoint;Netherlands;1999-05-20;Shoes;361;627.2;423.96
TechWorld;Poland;1995-12-20;Smartphone;461;1177.97;879.95
GadgetZone;Germany;1998-10-24;Coffee Maker;357;227.78;145.89
HomeHub;Poland;2001-12-15;T-shirt;120;640.79;476.24
MegaMart;Italy;1980-08-10;Refrigerator;42;813.42;522.76
TechWorld;Poland;2019-04-09;Headphones;324;469.88;365.71
StyleCorner;Italy;2011-12-27;TV;6;135.45;105.97
GreenLife;Netherlands;2013-05-03;Headphones;365;1038.6;657.01
GadgetZone;Belgium;1983-10-18;Smartphone;11;120.92;89.11
GreenLife;Belgium;2021-04-18;Tablet;24;1289.1;921.91
HomeHub;Spain;1984-05-17;Refrigerator;287;1156.48;700.4
HomeHub;Portugal;1992-05-16;Smartphone;192;85.29;67.26
FoodiesMarket;Belgium;2003-08-17;Laptop;224;515.73;467.92
TechWorld;Germany;1981-03-25;Sofa;273;417.09;267.11
StyleCorner;Portugal;1982-06-11;Smartphone;472;1197.72;834.8
GadgetZone;France;2007-12-15;Smartphone;444;474.9;273.72
GreenLife;Italy;1990-02-26;Coffee Maker;499;1076.54;977.88
HomeHub;Italy;1998-12-08;Laptop;374;730.36;629.97
GamePoint;Italy;1989-02-03;Sofa;3;1524.0;853.75
GreenLife;Poland;1987-10-27;T-shirt;257;1379.61;809.54
GamePoint;Netherlands;1980-06-22;Headphones;281;1350.12;834.99
GreenLife;Spain;2018-01-29;Refrigerator;197;265.47;150.27
HomeHub;Netherlands;2019-11-18;T-shirt;276;807.21;624.05
StyleCorner;Italy;2001-10-27;Refrigerator;183;249.92;146.27
GadgetZone;France;1994-11-24;Smartphone;293;1066.12;802.53
FoodiesMarket;Portugal;1976-07-28;Laptop;328;401.7;253.6
TechWorld;France;2020-02-24;Tablet;242;854.77;579.14
GreenLife;Belgium;1985-06-19;Shoes;152;1346.52;760.98
GadgetZone;Poland;2020-04-27;TV;56;926.28;711.65
GadgetZone;Italy;1997-08-15;Coffee Maker;496;673.91;436.8
StyleCorner;Spain;2016-05-29;Coffee Maker;212;932.79;638.15
MegaMart;Poland;1980-09-02;Headphones;290;662.45;458.67
TechWorld;Germany;2003-08-21;Coffee Maker;327;1238.79;704.92
StyleCorner;Germany;1993-03-22;Headphones;368;618.54;452.49
HomeHub;Portugal;1991-01-14;Sofa;342;696.66;415.94
MegaMart;Spain;2018-07-20;Shoes;251;984.98;890.03
MegaMart;Spain;1977-05-09;Smartphone;470;782.57;437.3
TechWorld;Spain;1988-03-27;Tablet;82;251.69;162.67
MegaMart;Germany;1983-02-21;Tablet;390;818.44;526.54
GadgetZone;Spain;2014-03-03;Shoes;184;1043.11;906.66
TechWorld;Germany;2004-10-05;Shoes;178;716.56;571.91
FoodiesMarket;Italy;1995-06-07;TV;418;581.15;489.43
StyleCorner;Poland;1979-07-20;Headphones;398;14.88;10.84
GadgetZone;Spain;1993-08-01;Refrigerator;458;341.99;214.35
MegaMart;Italy;2018-02-13;Refrigerator;27;656.83;591.41
FoodiesMarket;Portugal;1988-03-08;Smartphone;13;92.06;71.46
MegaMart;Netherlands;1984-02-09;Shoes;495;65.7;39.7
HomeHub;France;2000-07-28;Sofa;488;153.0;117.91
GamePoint;Portugal;1985-02-19;TV;70;749.3;484.34
GamePoint;Spain;2018-06-15;Headphones;304;880.31;563.76
FoodiesMarket;Netherlands;1984-09-21;TV;276;618.22;422.14
FoodiesMarket;Portugal;2014-03-29;Coffee Maker;246;664.12;493.91
StyleCorner;Germany;2010-08-22;Refrigerator;56;891.79;749.11
GamePoint;France;1988-05-07;Headphones;23;907.54;598.53
TechWorld;France;2006-11-28;Coffee Maker;304;121.07;78.77
GreenLife;Germany;1994-09-21;Refrigerator;466;508.28;436.75
StyleCorner;France;1991-05-30;Tablet;458;299.92;228.62
GamePoint;Netherlands;1986-03-25;Refrigerator;17;1476.79;895.26
TechWorld;Poland;1978-04-02;Headphones;96;969.85;707.59
GadgetZone;Germany;1998-05-19;Headphones;407;760.21;549.75
GamePoint;Spain;1990-06-29;Coffee Maker;493;1010.82;860.55
FoodiesMarket;Netherlands;2014-05-18;Sofa;185;348.88;247.58
GreenLife;Spain;2011-10-01;Coffee Maker;23;1249.26;721.42
GadgetZone;Portugal;2022-09-13;T-shirt;389;332.38;291.17
StyleCorner;Belgium;2020-09-27;TV;348;298.36;180.73
TechWorld;Spain;1996-05-24;Coffee Maker;418;38.57;24.62
FoodiesMarket;Portugal;2021-10-01;Coffee Maker;421;1140.1;646.48
FoodiesMarket;Portugal;2014-05-25;Refrigerator;147;335.34;202.0
MegaMart;Spain;2011-02-06;Tablet;148;279.97;200.29
TechWorld;Belgium;2018-04-18;Coffee Maker;202;550.4;307.01
FoodiesMarket;Poland;1991-10-05;Headphones;288;524.09;437.08
MegaMart;Poland;1982-10-21;Headphones;14;1223.95;999.58
TechWorld;Germany;1986-10-13;T-shirt;412;432.99;264.28
HomeHub;Germany;2019-07-02;Refrigerator;22;1048.37;826.82
GadgetZone;Netherlands;1975-12-24;Coffee Maker;416;1047.9;859.48
TechWorld;Italy;2018-03-16;Sofa;85;165.48;146.13
GreenLife;France;1987-01-08;T-shirt;109;759.57;462.08
MegaMart;Netherlands;2021-09-25;Tablet;336;1253.7;947.11
GreenLife;Portugal;2012-07-02;Sofa;496;781.16;456.74
StyleCorner;Netherlands;2003-12-10;Shoes;263;38.47;29.31
TechWorld;Netherlands;2012-05-24;Sofa;47;35.16;20.06
GreenLife;Poland;1996-03-28;Coffee Maker;419;535.47;436.05
FoodiesMarket;Poland;1996-12-02;Tablet;382;234.74;170.09
FoodiesMarket;Spain;2002-05-17;T-shirt;36;786.38;707.95
GadgetZone;Netherlands;1989-07-18;Tablet;429;814.66;696.43
StyleCorner;France;2006-01-25;T-shirt;264;1238.85;880.82
MegaMart;Netherlands;1984-10-29;Sofa;101;262.56;178.03
GamePoint;Poland;2009-04-02;Laptop;177;544.72;492.76
HomeHub;Belgium;1976-08-03;TV;323;1519.08;936.45
GreenLife;Spain;2023-03-15;Refrigerator;249;1037.82;815.07
StyleCorner;Poland;1991-02-13;Sofa;334;1114.05;881.23
MegaMart;Netherlands;1979-10-04;TV;185;1053.54;596.64
GamePoint;Poland;1982-07-12;Headphones;427;340.0;207.21
GamePoint;Italy;2015-07-27;Smartphone;294;64.85;38.15
HomeHub;Italy;2020-10-28;Sofa;402;179.55;159.23
TechWorld;Portugal;2008-03-31;Headphones;342;802.94;453.9
GadgetZone;Belgium;2004-01-04;Coffee Maker;130;861.0;577.79
StyleCorner;France;1983-04-25;Headphones;262;1325.39;904.59
FoodiesMarket;France;1982-08-11;Headphones;239;199.66;119.07
StyleCorner;Netherlands;2021-06-15;Refrigerator;490;108.49;91.83
MegaMart;Spain;1978-01-04;Refrigerator;445;788.48;645.87
GreenLife;Germany;2009-10-11;Headphones;433;1541.98;962.84
HomeHub;Poland;2023-09-30;Headphones;294;914.17;684.25
MegaMart;Italy;1991-05-12;Coffee Maker;36;823.4;581.36
MegaMart;Italy;1993-03-01;Laptop;39;581.99;441.0
HomeHub;Netherlands;2013-10-18;Smartphone;95;842.86;500.5
GreenLife;Poland;2021-09-24;Coffee Maker;200;1541.98;993.48
GreenLife;Germany;2018-07-11;Sofa;105;202.64;153.06
GamePoint;Portugal;2017-03-24;Smartphone;4;1408.76;982.75
FoodiesMarket;Belgium;2013-10-03;Coffee Maker;38;573.5;324.75
HomeHub;Spain;1999-09-15;Refrigerator;474;394.47;254.21
FoodiesMarket;Netherlands;1984-06-27;Coffee Maker;379;1255.71;859.84
GadgetZone;Germany;1989-03-22;TV;241;403.72;327.41
StyleCorner;Portugal;1990-10-27;Refrigerator;366;580.01;335.51
StyleCorner;Portugal;1979-03-10;Refrigerator;245;1241.38;919.51
GamePoint;Netherlands;1990-07-27;Sofa;16;414.81;306.04
MegaMart;Portugal;2017-02-10;TV;141;399.5;226.72
StyleCorner;Portugal;2014-06-27;Sofa;104;301.66;244.64
StyleCorner;Portugal;1989-06-07;Coffee Maker;415;1018.19;791.35
MegaMart;Italy;2016-01-12;Smartphone;120;364.85;207.26
TechWorld;Belgium;1991-05-13;T-shirt;161;697.39;462.31
StyleCorner;Poland;2005-03-10;TV;388;1091.33;903.07
GamePoint;Belgium;1996-05-12;Sofa;38;783.64;580.17
StyleCorner;Portugal;1976-06-06;Headphones;109;125.25;102.04
MegaMart;Spain;1979-03-07;Laptop;104;1457.54;999.08
TechWorld;Spain;2021-06-18;Headphones;304;251.95;174.75
StyleCorner;Belgium;1999-08-12;Tablet;434;424.17;320.86
FoodiesMarket;Poland;1976-12-08;Smartphone;448;1218.9;685.94
TechWorld;Italy;1990-02-16;Shoes;18;1006.15;698.02
HomeHub;Belgium;2013-11-05;Laptop;134;472.78;425.37
StyleCorner;Italy;1999-05-10;T-shirt;307;1566.34;965.1
GamePoint;Spain;2008-01-28;Laptop;484;437.57;332.96
GreenLife;Belgium;1981-07-18;TV;178;890.86;595.69
StyleCorner;Germany;1999-04-19;TV;445;406.65;256.21
GreenLife;France;1981-01-04;Sofa;64;319.24;250.7
GadgetZone;Poland;2023-02-09;Coffee Maker;293;1092.1;654.33
StyleCorner;Portugal;1992-09-20;Headphones;367;1199.28;714.34
GamePoint;Belgium;2008-01-24;Smartphone;216;917.94;751.41
GamePoint;Italy;2005-02-11;Tablet;187;32.96;23.63
MegaMart;France;1988-12-26;T-shirt;220;83.02;48.77
GamePoint;Belgium;2004-12-03;TV;284;541.57;344.41
StyleCorner;Netherlands;2000-10-03;Tablet;163;351.8;261.63
HomeHub;Belgium;1978-04-30;Tablet;314;184.77;119.36
FoodiesMarket;Belgium;2006-12-18;Refrigerator;440;1114.54;887.7
TechWorld;Spain;2006-02-27;T-shirt;421;248.15;209.2
TechWorld;France;1978-05-02;Sofa;36;138.68;97.38
TechWorld;Spain;1997-10-18;Coffee Maker;330;265.09;237.65
FoodiesMarket;Netherlands;2013-01-21;Refrigerator;199;113.75;71.11
GamePoint;Spain;2018-08-09;Sofa;174;636.91;391.11
MegaMart;Germany;1994-12-25;Shoes;77;1563.99;958.23
TechWorld;Netherlands;1984-09-09;Coffee Maker;463;976.21;629.56
GadgetZone;Germany;2012-12-25;Refrigerator;308;131.93;93.55
StyleCorner;Poland;1991-02-03;Tablet;257;335.93;244.9
StyleCorner;Belgium;2013-05-09;T-shirt;213;1171.66;963.86
GadgetZone;Portugal;2011-03-24;Smartphone;163;378.5;321.32
TechWorld;Germany;2018-02-11;Smartphone;198;173.25;121.16
GamePoint;Belgium;2011-10-27;Laptop;469;31.75;21.61
GreenLife;Poland;2007-01-15;Tablet;460;829.82;710.96
MegaMart;Poland;1996-12-07;Laptop;493;1645.27;978.64
FoodiesMarket;Portugal;1980-09-03;Sofa;486;583.67;410.26
GreenLife;Netherlands;2008-09-01;Smartphone;162;257.91;209.5
HomeHub;Poland;2005-10-21;Headphones;179;486.25;311.01
StyleCorner;Belgium;1976-10-14;Shoes;465;1409.68;856.75
FoodiesMarket;France;2020-10-06;Coffee Maker;142;848.16;567.88
GreenLife;Italy;1990-08-04;Headphones;332;74.28;47.28
MegaMart;France;1983-10-15;Laptop;69;1359.15;819.66
GamePoint;Belgium;2013-11-04;Headphones;18;1041.84;618.84
GreenLife;Poland;2004-06-24;Shoes;225;118.66;89.65
GadgetZone;Belgium;2000-05-07;Sofa;115;984.43;879.8
GreenLife;Netherlands;2000-08-10;Refrigerator;85;604.63;358.57
HomeHub;France;1993-05-14;Smartphone;267;260.31;185.64
MegaMart;France;2007-06-22;Shoes;354;1240.93;754.83
GadgetZone;Italy;1994-06-06;Coffee Maker;185;1645.84;923.83
FoodiesMarket;Poland;2007-02-18;T-shirt;174;953.17;735.19
GreenLife;Italy;1975-12-29;Tablet;366;1252.11;913.15
MegaMart;Netherlands;1988-12-30;Sofa;463;468.28;403.56
TechWorld;Portugal;1989-04-24;Refrigerator;421;218.22;132.36
GamePoint;Italy;1983-05-11;Shoes;2;631.48;530.56
FoodiesMarket;France;2011-06-03;Coffee Maker;273;1055.95;654.7
MegaMart;Poland;1991-10-18;Shoes;37;1230.12;722.0
StyleCorner;Spain;1991-03-04;Refrigerator;438;287.09;169.27
HomeHub;Spain;1997-03-10;Headphones;47;346.26;210.41
GadgetZone;France;2011-09-11;Sofa;387;608.54;393.05
GadgetZone;Belgium;1997-04-22;Tablet;496;1005.86;880.33
MegaMart;France;1991-04-28;Shoes;44;541.5;420.63
MegaMart;Germany;1983-11-04;Sofa;455;330.03;222.7
GadgetZone;Portugal;1985-05-08;Refrigerator;437;857.98;770.66
HomeHub;France;2021-10-16;Laptop;61;208.95;140.13
TechWorld;Belgium;2001-10-28;Smartphone;395;86.43;59.85
HomeHub;Spain;1983-06-29;Shoes;115;406.25;263.51
HomeHub;Portugal;2009-03-17;Tablet;256;164.76;124.87
StyleCorner;Italy;2012-02-04;Tablet;228;1098.53;923.46
StyleCorner;Netherlands;2009-07-25;Shoes;148;1177.5;726.84
GamePoint;Portugal;2022-01-07;Refrigerator;280;290.13;204.07
HomeHub;Germany;1989-11-23;Tablet;97;1162.85;851.43
HomeHub;Poland;2015-05-05;Laptop;138;543.73;330.02
MegaMart;Netherlands;1988-12-18;T-shirt;93;1547.39;910.25
HomeHub;Spain;1985-02-13;Coffee Maker;58;628.65;428.3
HomeHub;Netherlands;1991-06-06;Tablet;243;1116.97;672.89
TechWorld;Belgium;1994-12-30;Laptop;8;14.63;11.38
TechWorld;France;2011-08-12;T-shirt;285;249.51;212.61
StyleCorner;Spain;1991-08-17;T-shirt;362;38.47;25.54
HomeHub;France;1979-05-24;Coffee Maker;408;792.54;459.18
MegaMart;Italy;2020-05-28;Tablet;199;600.51;519.17
HomeHub;Portugal;2020-02-26;TV;153;1640.51;925.8
GamePoint;Poland;2015-07-16;TV;219;649.41;496.74
MegaMart;Belgium;2018-03-29;Refrigerator;241;524.36;392.42
HomeHub;Belgium;1983-02-25;Refrigerator;461;1406.09;805.24
TechWorld;Germany;1978-10-26;Smartphone;286;796.12;702.2
HomeHub;Belgium;1996-02-27;T-shirt;231;201.67;151.55
StyleCorner;Poland;1976-05-05;Coffee Maker;116;668.46;517.85
GadgetZone;Italy;1987-10-10;T-shirt;319;341.8;276.51
MegaMart;Germany;2006-07-09;Coffee Maker;395;1264.0;733.9
TechWorld;Poland;1994-12-01;Shoes;110;204.8;138.49
StyleCorner;Netherlands;1996-11-13;Headphones;14;901.98;707.86
GreenLife;Germany;2010-05-15;Shoes;469;1055.01;775.79
TechWorld;Poland;1982-09-03;T-shirt;326;548.1;425.7
GreenLife;Spain;1985-10-03;Refrigerator;98;716.3;413.13
StyleCorner;Portugal;2003-04-16;Refrigerator;226;1110.34;995.17
GamePoint;Germany;1986-01-23;Headphones;344;276.49;170.29
GadgetZone;Spain;2022-04-16;Tablet;219;1602.29;917.98
StyleCorner;France;2006-04-15;TV;181;586.16;458.42
GamePoint;France;1999-10-18;Coffee Maker;210;206.95;133.25
GadgetZone;France;2008-06-25;Laptop;115;931.32;841.72
FoodiesMarket;France;1985-09-29;T-shirt;111;302.31;219.1
GadgetZone;Italy;2002-05-23;Tablet;372;386.94;268.06
GamePoint;Spain;1998-12-31;Refrigerator;90;687.18;603.76
TechWorld;Belgium;2023-01-31;Laptop;26;622.06;509.89
GreenLife;France;2023-05-06;Headphones;143;335.53;214.09
GreenLife;France;1986-10-18;Refrigerator;365;1048.04;647.91
MegaMart;Belgium;2020-05-22;Coffee Maker;58;436.61;293.4
GreenLife;Spain;1980-11-23;Smartphone;415;292.58;219.77
GreenLife;Netherlands;1981-12-28;Sofa;487;514.08;354.39
StyleCorner;France;2006-09-23;TV;454;988.54;597.53
StyleCorner;Portugal;2014-01-08;Smartphone;390;25.7;16.11
TechWorld;Poland;2016-11-28;Shoes;273;964.03;852.12
HomeHub;Italy;2016-09-03;Headphones;195;907.64;787.55
GamePoint;Germany;1985-03-29;Coffee Maker;375;1145.29;889.99
MegaMart;Spain;1986-12-08;Shoes;359;1088.53;657.77
GadgetZone;Germany;2016-10-25;Coffee Maker;267;590.88;418.2
GreenLife;Poland;2022-09-14;Laptop;233;144.96;124.54
HomeHub;Netherlands;2017-03-27;TV;430;42.28;28.14
StyleCorner;Spain;2000-07-29;Laptop;480;1197.35;802.36
GadgetZone;Spain;2006-01-14;T-shirt;338;33.19;24.06
TechWorld;Spain;1979-06-21;Smartphone;106;977.91;613.56
